title,link,snippet,displayLink
Model-driven Engineering for Machine Learning Components: A ...,https://arxiv.org/abs/2311.00284,"Nov 1, 2023 ... Abstract page for arXiv paper 2311.00284: Model-driven Engineering for Machine Learning Components: A Systematic Literature Review.",arxiv.org
Model driven engineering for machine learning components: A ...,https://www.sciencedirect.com/science/article/pii/S0950584924000284,"Nov 1, 2023 ... Model driven engineering for machine learning components: A systematic literature review ... software architecture models describe classical software ...",www.sciencedirect.com
Dagstuhl Seminar 23302: Software Architecture and Machine ...,https://www.dagstuhl.de/23302,"Jul 28, 2023 ... Participants were initially asked to prepare a single-slide introduction about themselves and their work in software architecture and machine learning, which ...",www.dagstuhl.de
Thinking like a Software Architect | by Christian Kästner | Medium,https://ckaestne.medium.com/thinking-like-a-software-architect-121ea6919871,"Feb 14, 2022 ... Great introduction on software architecture and how it supports software design ... “An Empirical Study of Software Architecture for Machine Learning.” arXiv ...",ckaestne.medium.com
Generative AI in Software Architecture: Don't Replace Your ...,https://medium.com/inspiredbrilliance/generative-ai-in-software-architecture-dont-replace-your-architects-yet-cde0c5d462c5,"Jun 21, 2023 ... Generative AI in Software Architecture: Don't Replace Your Architects Yet! ... software design. Risk Management: Identifying and mitigating potential risks ...",medium.com
[D] What are some well-written ML codebases to refer to get ...,https://www.reddit.com/r/MachineLearning/comments/1bf85rj/d_what_are_some_wellwritten_ml_codebases_to_refer/,"Mar 15, 2024 ... ... machine learning applications, which demonstrates how sound software design can accelerate both development and experimentation."" Upvote 120. Downvote Reply ...",www.reddit.com
Software Architecture and Design in the Age of Generative AI ...,https://medium.com/oolooroo/software-architecture-in-the-age-of-generative-ai-opportunities-challenges-and-the-road-ahead-d410c41fdeb8,"Oct 6, 2023 ... ChatGPT's Assistance in Software Architecture. b. Software Design: Component Design: Generative AI's capability to modularize a system based on a set of ...",medium.com
"Generative AI , to create Software Architectures : r/softwarearchitecture",https://www.reddit.com/r/softwarearchitecture/comments/151asw4/generative_ai_to_create_software_architectures/,"Jul 16, 2023 ... ... Software architecture patterns at an enterprise level? or is SA still a ... One of the training requirements for a large language model (LLM) is a ...",www.reddit.com
Automotive component design at Nifco using generative AI and ...,https://aws.amazon.com/blogs/hpc/automotive-component-design-at-nifco-using-generative-ai-and-diffusion-models/,"Oct 22, 2024 ... Automotive component design at Nifco using generative AI and diffusion models ... machine learning (ML) speeds up design iterations in external aerodynamics.",aws.amazon.com
Strategic Software Design for Generative AI: What Matters When AI ...,https://sfelc.com/annual2023/topics/strategic-software-design-for-generative-ai-what-matters-when-ai-is-writing-code-for-us,"Aug 30, 2023 ... Strategic Software Design for Generative AI: What Matters When AI Is Writing Code for Us ... With a decade in fraud prevention, Tony has crafted machine learning ...",sfelc.com
Toward a Symbiotic Approach Leveraging Generative AI for Model ...,https://ieeexplore.ieee.org/document/10343767/,"Jan 2, 2024 ... Toward a Symbiotic Approach Leveraging Generative AI for Model Driven Engineering. Abstract: Model Driven Engineering (MDE) proposes models as primary ...",ieeexplore.ieee.org
Ozkaya Explores Generative AI in Software Architecture During ...,https://insights.sei.cmu.edu/news/ozkaya-explores-generative-ai-in-software-architecture-during-international-conference-keynote/,"Jul 3, 2024 ... Ozkaya Explores Generative AI in Software Architecture During International Conference Keynote. Ozkaya Explores Generative AI in Software Architecture During ...",insights.sei.cmu.edu
The Intersection of AI and Software Architecture: How Generative AI ...,https://www.linkedin.com/pulse/intersection-ai-software-architecture-how-generative-shaping-vivek-ble8c,"Dec 2, 2024 ... The Intersection of AI and Software Architecture: How Generative AI Is Shaping Design and Strategy ... By integrating machine learning insights, architects ...",www.linkedin.com
What's New in Software Architecture: How Generative AI Will ...,https://www.oreilly.com/live-events/whats-new-in-software-architecture-how-generative-ai-will-transform-software-delivery-with-birgitta-bockeler/0642572006124/,"Jun 17, 2024 ... Ask Neal Ford and Birgitta Böckeler your questions around software architecture and generative AI. The Domain Hour has ended. Unfortunately, this event has ...",www.oreilly.com
Thinking like a Software Architect - Machine Learning in Production ...,https://mlip-cmu.github.io/book/08-thinking-like-a-software-architect.html,"Aug 8, 2024 ... A great introduction to software architecture and how it supports software design ... “Retrieval-Augmented Generation for Knowledge-Intensive NLP Tasks.” Advances ...",mlip-cmu.github.io
Secure Software Architecture in a Generative AI World,https://www.computer.org/publications/tech-news/community-voices/secure-software-architecture-in-a-generative-ai-world/,"Oct 18, 2023 ... Secure Software Architecture in a Generative AI World Generative AI (GAI) technologies are being applied in a range of sectors—national defense, healthcare ...",www.computer.org
Bayesian-Inspired Sampling for Efficient Machine-Learning-Assisted ...,https://ieeexplore.ieee.org/document/10209286/,"Aug 4, 2023 ... Bayesian-Inspired Sampling for Efficient Machine-Learning-Assisted Microwave Component Design. Publisher: IEEE. Cite This.",ieeexplore.ieee.org
A Prompt Pattern Sequence Approach to Apply Generative AI in ...,https://dl.acm.org/doi/10.1145/3698322.3698324,"Dec 10, 2024 ... We conclude our exploration into the utilization of generative AI within software architecture ... Software design tradeoffs · Software organization and ...",dl.acm.org
Major in Cybersecurity & Secure Software Design,https://www.bsu.edu/academics/collegesanddepartments/computer-science/academic-programs/majors/cybersecurity,"Jul 26, 2022 ... CS Concentrations · General Computer Science · Cybersecurity & Secure Software Design · Data Analytics & Machine Learning · Game Design & Development · Web & Mobile ...",www.bsu.edu
A Machine Learning Approach for Mechanical Component Design ...,https://www.mdpi.com/2504-4494/8/5/220,"Oct 1, 2024 ... A machine learning approach for mechanical component design based on topology optimization considering the restrictions of additive manufacturing.",www.mdpi.com
ModelSet: a dataset for machine learning in model-driven engineering,https://d-nb.info/1248643763/34,"Jan 4, 2023 ... The application of machine learning (ML) algorithms to address problems related to model-driven engineering (MDE) is currently hindered by the lack of curated ...",d-nb.info
Software design | Dell Scalable Architecture for Retrieval ...,https://infohub.delltechnologies.com/fr-fr/l/dell-scalable-architecture-for-retrieval-augmented-generation-rag-with-nvidia-microservices-1/software-design-2/,"Mar 16, 2024 ... ... generative AI models on Dell infrastructure ... Retrieval-Augmented Generation (RAG) with NVIDIA Microservices > Software design ...",infohub.delltechnologies.com
Leveraging AI and Machine Learning in Software Architecture ...,https://kumarshivam-66534.medium.com/leveraging-ai-and-machine-learning-in-software-architecture-emerging-patterns-and-practices-edc75595abe4,"Aug 2, 2024 ... Leveraging AI and Machine Learning in Software Architecture: Emerging Patterns and Practices ... Part 1: Intermediate Guide to Build Generative AI with Python ...",kumarshivam-66534.medium.com
Collaborative Software Design,https://www.manning.com/books/collaborative-software-design,"Oct 24, 2024 ... Machine Learning ... Collaborative Software Design combines its authors' deep experience in behavioral science, decision-making theory and software architecture ...",www.manning.com
Generative AI for Software Development Skill Certificate | Coursera,https://www.coursera.org/professional-certificates/generative-ai-for-software-development,"Jul 15, 2024 ... Software Architecture · Collaborative Software ... The course focuses on integrating generative AI tools into software development, covering machine learning ...",www.coursera.org
Page 2 – Writings on Software Engineering ... - Shekhar Gulati,https://shekhargulati.com/page/2/,"Feb 27, 2025 ... Writings on Software Engineering, Software Architecture, Generative AI and LLMs. ... machine-learning (1), maven3 (2), mental-models (11), microservices (7) ...",shekhargulati.com
NLP4SA 2025 - ICSA 2025,https://conf.researchr.org/info/icsa-2025/NLP4SA,"Apr 4, 2025 ... Software architecture provides a foundation for addressing these challenges. Leveraging Natural Language Processing (NLP) tools can further aid in software ...",conf.researchr.org
Development of Software Architecture and Machine Learning ...,https://link.springer.com/chapter/10.1007/978-3-031-20834-8_8,"Nov 18, 2022 ... Development of Software Architecture and Machine Learning Modules of Robo-Advisor System for Personalized Investment Portfolio Generation. Conference paper ...",link.springer.com
Generative AI for software architecture,https://repositorio.uniandes.edu.co/entities/publication/f1c8c3a3-d820-4438-a806-ca6724905550,"Aug 2, 2024 ... Generative AI for software architecture. All of repository. Generative AI for ... Generative AI for software architecture.pdf. application/pdf PDF open ...",repositorio.uniandes.edu.co
Laboratory for Software Design,https://lab-design.github.io/,"Oct 11, 2024 ... Laboratory for Software Design Recruiting a Postdoctoral Fellow ... This work proposed a causal method to measure fairness of components in machine learning ...",lab-design.github.io
(PDF) Evaluation of Generative AI-Assisted Software Design and ...,https://www.researchgate.net/publication/381254814_Evaluation_of_Generative_AI-Assisted_Software_Design_and_Engineering_A_User-Centered_Approach,"Jun 7, 2024 ... Evaluation of Generative AI-Assisted Software Design and Engineering: A User-Centered Approach ... machine learning models. In: Proceedings of the 2023. ACM ...",www.researchgate.net
Driving ROI Through AI: Meet the Expert Behind the Strategy Ethan ...,https://www.facebook.com/techvifysoftware/posts/%EF%B8%8F-driving-roi-through-ai-meet-the-expert-behind-the-strategy-ethan-nguyenlead-so/1269635981828631/,6 days ago ... ... software architecture and Generative AI empowers businesses to innovate faster and deliver smarter user experiences. Ethan's Leadership & Impact ...,www.facebook.com
How Useful Is Generative AI for an Experienced Software Engineer ...,https://levelup.gitconnected.com/how-useful-is-generative-ai-for-an-experienced-software-engineer-895043e96727,"Apr 7, 2025 ... StormSpace allows multiple users to… github.com. 485. 9. Programming · Technology · Software Engineering · Software Architecture · Generative Ai Tools. 485. 485.",levelup.gitconnected.com
Architecting Success: Elevating Machine Learning Systems through ...,https://blog.devgenius.io/architecting-success-elevating-machine-learning-systems-through-strategic-software-design-50be9a221a4b,"Apr 13, 2024 ... Architecting Success: Elevating Machine Learning Systems through Strategic Software Design ... The importance of software architecture in machine learning cannot ...",blog.devgenius.io
Generative AI for Software Development - DeepLearning.AI,https://www.deeplearning.ai/courses/generative-ai-for-software-development/,"Jun 29, 2024 ... What you'll learn in this course. Configuration-Driven Development (CDD): Understand and implement CDD principles in software design. Database Design and ...",www.deeplearning.ai
Muhammad Shayan Khan Niazi - Software Design and Machine ...,https://pk.linkedin.com/in/mshayankhanniazi,"Nov 25, 2024 ... Student at National University of Sciences and Technology (NUST) | Software Design and Machine Learning Apprentice at Cowlar Design Studios · Experience: ...",pk.linkedin.com
Senior Machine Learning Software Engineer Job Details | SAP,https://jobs.sap.com/job/Newport-Beach-Senior-Machine-Learning-Software-Engineer-CA-92660/1194211701/,"Apr 17, 2025 ... ... Generative AI and Foundation Models development for ABAP in Newport Beach. ... Requisition ID: 424584 | Work Area:Software-Design and Development ...",jobs.sap.com
How Generative AI Is Changing Creative Work,https://hbr.org/2022/11/how-generative-ai-is-changing-creative-work,"Nov 14, 2022 ... Generative AI models for businesses threaten to upend the world of content creation, with substantial impacts on marketing, software, design.",hbr.org
Software Design and Development - Trigent Solutions Inc,https://trigentsolutions.com/services/information-technology/software-design-and-development/,"Feb 3, 2025 ... SOFTWARE DESIGN AND DEVELOPMENT. Home / SERVICES / Information Technology ... Machine Learning and AI Services. Equipment Procurement. Staffing. SOFTWARE ...",trigentsolutions.com
ModelSet: a dataset for machine learning in model-driven engineering.,https://search.ebscohost.com/login.aspx?direct=true&profile=ehost&scope=site&authtype=crawler&jrnl=16191366&AN=156499835&h=JerECJ0GWn0jKhy8c%2FQiNxc0Ci0ctYAe6fZGj7Pj5cPXLzCcfD1osxlCHj1BC859fKdn9Q490GfNI2FJWcsvHA%3D%3D&crl=c,"Nov 5, 2022 ... Abstract: The application of machine learning (ML) algorithms to address problems related to model-driven engineering (MDE) is currently hindered by the ...",search.ebscohost.com
Justus Bogner | Home Page,https://xjreb.github.io/,"Oct 8, 2022 ... Lastly, I am also a co-organizer of the SAML workshop, which combines software architecture and machine learning. Contact. You can reach or follow me via the ...",xjreb.github.io
Is your software architecture ready for GenAI?,https://vfunction.com/blog/software-architecture-genai/,"Feb 28, 2024 ... As generative AI transforms business, can your old software keep up? Discover the architectural challenges of operationalizing GenAI on legacy systems.",vfunction.com
Günter Röhrich - Machine Learning Week Europe,https://machinelearningweek.eu/referent/gunter-rohrich/,"Aug 12, 2023 ... He specialized in machine learning solutions within the realm of maintenance, machine upkeep and diagnostics. ... software architecture and machine learning.",machinelearningweek.eu
Machine Learning | Effective Software Design,https://effectivesoftwaredesign.com/tag/machine-learning/,"Aug 28, 2023 ... Any existing human creation can be learned and reproduced by advanced Generative-AI algorithms. ... (NLP). One remarkable example is the GPT (Generative Pre ...",effectivesoftwaredesign.com
MS-CS Curriculum & Degree Requirements | Computer Science ...,https://www.colorado.edu/cs/academics/online-programs/mscs-coursera/curriculum,"Apr 12, 2023 ... Confirmed release dates will be posted next to course titles when available. Important Update: Machine Learning Specialization Changes. We are excited to inform ...",www.colorado.edu
COE 379L: Software Design For Responsible Intelligent Systems ...,https://coe-379l-sp24.readthedocs.io/,"Jan 30, 2024 ... This course is to introduce students to scalable data analysis and machine learning techniques for designing, implementing, validating and operating ...",coe-379l-sp24.readthedocs.io
How Is AI Used in Mechanical Engineering? | Neural Concept,https://www.neuralconcept.com/post/how-is-ai-used-in-mechanical-engineering,"Feb 2, 2023 ... Focusing more specifically on upfront mechanical design, we will see the application of a machine learning algorithm by Neural Concept in a collaborative ...",www.neuralconcept.com
Cloud Software Architecture | Huenei IT Services,https://www.huenei.com/en/custom-software-development/cloud-software-architecture/,"Sep 17, 2024 ... Cloud Software Architecture: created to help companies design, implement ... Generative AI for Business Improvement · Mobile, Web and Wearables · Software ...",www.huenei.com
Master Prompt Engineering for Developers: Harness GPT-4 ...,https://mlconference.ai/blog/generative-ai-prompt-engineering-for-developers/,"Sep 26, 2024 ... ... Generative AI for Software Architecture. Sep 26, 2024. Ralf D. Müller. 26. Sep ... At its core, it's a neural network, a so-called large language model ...",mlconference.ai
AI in Software Development | IBM,https://www.ibm.com/think/topics/ai-in-software-development,"Oct 7, 2024 ... Machine learning-enabled tools use natural language processing (NLP) to ... Generative AI enhances software design by suggesting optimal architectures ...",www.ibm.com
Hsuan-Tien Lin > Courses,https://www.csie.ntu.edu.tw/~htlin/course/,"Aug 28, 2024 ... Machine Learning, Fall 2024 · Data Structures and Algorithms, Spring 2024 (co ... Object Oriented Software Design, Spring 2010 (classes 01/02) · Data ...",www.csie.ntu.edu.tw
Artificial Intelligence Major | Ohio University,https://www.ohio.edu/engineering/eecs/academics/undergraduate/artificial-intelligence,"Aug 8, 2024 ... ... machine learning and deep learning. AI, or machine intelligence, is ... AI 4560 - Software Design and Development I; AI 4561 - Software Design and ...",www.ohio.edu
User-centred design for machine learning in health care: a case ...,https://pubmed.ncbi.nlm.nih.gov/36220304/,"Oct 11, 2022 ... Keywords: Decision Support Systems, Clinical; Machine Learning; Software Design. © Author(s) (or their employer(s)) 2022. Re-use permitted under CC BY-NC ...",pubmed.ncbi.nlm.nih.gov
"Machine Learning Modeling Engineer, Silicon — Google Careers",https://www.google.com/about/careers/applications/jobs/results/93582130507850438-machine-learning-modeling-engineer-silicon?page=74,"Feb 7, 2025 ... Responsibilities. Create and maintain software architecture for Machine Learning (ML) accelerator. Implement, modeling, analyzing and testing ML accelerator.",www.google.com
Health Tech Software Design and Development Services,https://www.twentyideas.com/industries/health-services,"Mar 17, 2024 ... With decades of combined experience creating tools that leverage user research, machine learning, cloud infrastructure, legacy systems integration, ...",www.twentyideas.com
Software Design & Build - BlueCloud,https://www.blue.cloud/services/software-design-build,"Jun 5, 2024 ... Software Design & Build Services. Agile Project Management. BlueCloud's ... Generative AI & ML · Data Engineering · Data Analytics · Software Design & Build.",www.blue.cloud
COMP_SCI 396: Software Design Principles and Practices ...,https://www.mccormick.northwestern.edu/computer-science/academics/courses/descriptions/396-26.html,"Dec 18, 2024 ... Machine Learning and Data Science Minor · Combined BS (or BA)/MS Degree ... COMP_SCI 396: Software Design Principles and Practices. VIEW ALL COURSE TIMES ...",www.mccormick.northwestern.edu
50 Algorithms Every Programmer Should Know: Tackle computer ...,https://www.amazon.com/Algorithms-Every-Programmer-Should-Know/dp/1803247762,"Mar 5, 2025 ... ... machine learning, software design, data systems, and cryptography [Imran Ahmad] on Amazon ... Machine Learning and Generative AI for Marketing: Take ...",www.amazon.com
"Senior Deep Learning Software Engineer, Inference and Model ...",https://nvidia.wd5.myworkdayjobs.com/en-US/NVIDIAExternalCareerSite/job/Senior-Deep-Learning-Software-Engineer--Inference-and-Model-Optimization_JR1997596,"5 days ago ... ... machine learning fundamentals and software architecture & engineering. What you'll be doing: Train, develop, and deploy state-of-the generative AI models ...",nvidia.wd5.myworkdayjobs.com
New CPSA-Advanced Level Module Software Architecture for AI ...,https://www.isaqb.org/new-cpsa-advanced-level-module-software-architecture-for-ai-systems-swarc4ai-introduced/,"Dec 19, 2024 ... It covers topics such as integrating machine learning and generative AI into existing systems, compliance requirements (e.g., EU AI Act), security strategies, ...",www.isaqb.org
Embedded Software Design | Beningo Embedded Group,https://www.beningo.com/embedded-software-design/,"Dec 4, 2022 ... ... software architecture, and be equipped to start building embedded systems. Download Table of Contents Embedded systems are typically designed using ...",www.beningo.com
Software Architecture - ByteByteGo,https://bytebytego.com/guides/software-architecture/,"Mar 14, 2024 ... Software Architecture ... Learn the 8 key OOP concepts every developer should know. Updated 3/1/2024 · Domain-Driven DesignSoftware Design ...",bytebytego.com
Big-data Efficient and Automated Science Transfer (BEAST): An ...,https://ntrs.nasa.gov/citations/20220018664,"Feb 25, 2023 ... Big-data Efficient and Automated Science Transfer (BEAST): An Open-Source Software Architecture for Arc Jet Data Management, Modeling, and Automation ...",ntrs.nasa.gov
The rise of AI and the impacts for software architecture | by William ...,https://el-kaim.com/the-rise-of-ai-and-the-impacts-for-software-architecture-2eca55d0e77c,"Feb 8, 2025 ... This trend impacts deeply software architecture and ... generative AI implementation, with comprehensive documentation available in other architectures.",el-kaim.com
Big-data Efficient and Automated Science Transfer (BEAST): an ...,https://arc.aiaa.org/doi/10.2514/6.2023-2712,"Jan 19, 2023 ... Big-data Efficient and Automated Science Transfer (BEAST): an open-source software architecture for arc jet data management, modeling, and automation · Magnus A.",arc.aiaa.org
Using Generative AI in Software Architecture Decision-Making,https://techtrendsetters.org/p/using-generative-ai-in-software-architecture,"Mar 27, 2025 ... Recently, I stumbled across a whitepaper about using generative AI in software architecture decision-making. Couldn't resist diving in. In today's episode, we' ...",techtrendsetters.org
SE 575 Software Design 3.0 Credits,https://catalog.drexel.edu/search/?P=SE%20575,"Dec 15, 2024 ... SE 575 Software Design 3.0 Credits. This course provides ... EGMT 660 Software Development : CS 502 SE 575 , SE 576 Machine Learning and AI : CS...",catalog.drexel.edu
Software architecture for real-time big data forecasting systems ...,https://www.kinaxis.com/en/blog/software-architecture-real-time-big-data-forecasting-systems,"Nov 27, 2023 ... Software architecture for real-time big data forecasting systems ... Machine learning engineering is a subset of software engineering. Here at Kinaxis' machine ...",www.kinaxis.com
H61X2S | HPE AI and Machine Learning (0001205272),https://education.hpe.com/ww/en/training/misc/nc_cds.html?course=h61x2s,"May 15, 2024 ... through machine learning and deep learning fundamentals, it covers the software architecture and ways to deploy HPE machine learning solutions. This course ...",education.hpe.com
‪Hira Naveed‬ - ‪Google Scholar‬,https://scholar.google.com/citations?user=2LxYfisAAAAJ&hl=en,"Oct 28, 2023 ... Model driven engineering for machine learning components: A systematic literature review. H Naveed, C Arora, H Khalajzadeh, J Grundy, O Haggag. Information and ...",scholar.google.com
Find your next software architecture job with Keller West,https://www.kellerwest.com/software-architecture-jobs/,"Sep 25, 2023 ... AI and machine learning · Cloud · Cyber security · IT infrastructure · Project ... Find your next software architecture role with the support of our software ...",www.kellerwest.com
From ML2 to ML2+: Integrating Time Series Forecasting in Model ...,https://www.scitepress.org/Papers/2025/134432/134432.pdf,"Mar 3, 2025 ... {zmardani, gjesus, ealves}@lnec.pt, moharram.challenger@uantwerpen.be, amoin@uccs.edu,. Keywords: Model-Driven Engineering, Machine Learning, IoT, Time Series ...",www.scitepress.org
"AI, Software Architecture and New Kinds of Products - Techstrong.ai",https://techstrong.ai/articles/ai-software-architecture-and-new-kinds-of-products/,"Sep 18, 2024 ... Questions like these are why I don't believe generative AI will change the substance of software architecture. That's not to say that it won't be a help ...",techstrong.ai
A Philosophy of Software Design - John Ousterhout - Janmeppe.com,https://www.janmeppe.com/blog/a-philosophy-of-software-design-john-ousterhout/,"Jan 5, 2025 ... This post is for mid-to-senior level machine learning engineers, software engineers, and data scientists that want to make a contribution beyond coding, that ...",www.janmeppe.com
Generative AI Development Company | Binariks,https://binariks.com/expertise/generative-ai-development-services/,"Aug 30, 2024 ... Leveraging advanced NLP techniques, including sentiment analysis, speech ... We fine-tune the selected generative model for your unstructured data and ...",binariks.com
Software Design Patterns 101: What Is It and Why Must You Learn ...,https://softteco.com/blog/software-design-patterns,"Sep 21, 2023 ... Machine Learning Development Consulting · Cloud Migration Consulting · Big ... Reusable software architecture: across projects, software design patterns ...",softteco.com
Software Design With Artificial Intelligence- MSc - TUS,https://tus.ie/courses/msc-in-software-design-with-artificial-intelligence/,"Jan 9, 2024 ... The Master of Science in Software Design with Artificial Intelligence is a high-level programme with 90 ECTS. ... • Advanced Machine Learning and Neural Networks",tus.ie
New paradigms of Software Architecture in a Data Context,https://decidesoluciones.es/en/new-paradigms-of-software-architecture-in-a-data-context/,"Apr 27, 2022 ... predictive analytics & machine learning · Process Mining · retail · Software Architecture · success stories · Uncategorized. ¡Suscríbete a nuestra newsletter!",decidesoluciones.es
Model-Driven Engineering Techniques and Tools for Machine ...,https://ev4eu.eu/wp-content/uploads/2023/02/sensors-23-01458.pdf,"Jan 28, 2023 ... Moin, A. Data Analytics and Machine Learning Methods, Techniques and Tool for Model-Driven Engineering of Smart IoT. Services. In Proceedings of the 2021 IEEE/ ...",ev4eu.eu
Tag Archives: #generative-ai,https://snape.me/tag/generative-ai/,"Nov 3, 2024 ... DevOps - Software Architecture. Home Posts About Experience. Better software through software architecture and devops. @snape.me. Tag Archives: #generative-ai.",snape.me
Software Architecture Patterns: What Are the Types and Which Is the ...,https://www.turing.com/blog/software-architecture-patterns-types,"Aug 31, 2023 ... There are various types of architectural patterns in software engineering, each offering a distinct approach to software design. ... Generative AI · AI/Data.",www.turing.com
Ashik Kumar,https://ifs.sc.edu/profiles/Ashik_Kumar.html,"May 5, 2024 ... His expertise lies in areas such as Machine Learning, Smart data, Data Engineering, and he has hands-on experience in NLP and Generative AI technologies.",ifs.sc.edu
AI as the Architect's Muse: Redefining Software Design in the Age of ...,https://devops.com/ai-as-the-architects-muse-redefining-software-design-in-the-age-of-intelligence/,"May 5, 2025 ... Software architecture is no longer a static ... Machine Learning in Design Architectural Resilience, self-healing systems, Software Design Evolution.",devops.com
Liping Zhao - Research Explorer The University of Manchester,https://research.manchester.ac.uk/en/persons/liping.zhao,"May 4, 2024 ... ... Software Design Patterns, Service-Oriented Computing, Natural Language Processing (NLP), Machine Learning (ML), and Deep Learning (DL). ... Software Architecture ...",research.manchester.ac.uk
"New York Tech & Dev Conferences | ML, DevOps, JavaScript, API",https://devm.io/newyork-week/,"Feb 3, 2023 ... Software Architecture ... The Machine Learning Conference. Explore the future of AI at MLCon – Generative AI, LLMs, MLOps, Advanced ML Development, and more!",devm.io
Machine Learning Engineer - Tampa Bay Lightning | TeamWork ...,https://www.teamworkonline.com/hockey-jobs/tampanhl/tampa-bay-lightning-jobs/machine-learning-engineer-2120845,"May 6, 2025 ... ... machine learning ... Experience with deep learning, NLP, and reinforcement learning. Proficiency in Python, including software design, development, and debugging.",www.teamworkonline.com
Software Architecture – Riccardo Di Nuzzo in UK,https://www.dinuzzo.co.uk/category/software-architecture/,"Aug 12, 2023 ... Category: Software Architecture. CQRS · Event Sourcing · Generative AI · Software Architecture · Use Generative AI with Commands and Events (ES-AI) · August 12 ...",www.dinuzzo.co.uk
Why Generative AI Needs Human Oversight to Build Trust,https://dzone.com/articles/generative-ai-human-oversight-trust,"Apr 2, 2025 ... Software Design and Architecture Cloud Architecture Containers Integration Microservices Performance Security ... Avoid machine learning mistakes and boost ...",dzone.com
How Does Software Design Work? | SOLTECH,https://soltech.net/how-does-software-design-work/,"May 30, 2024 ... Home » Technology Consulting » Software Architecture & Design » How Does Software Design Work? ... Artificial Intelligence & Machine Learning · Data ...",soltech.net
software architecture - Stack Overflow,https://stackoverflow.blog/software-architecture/,"May 6, 2025 ... Code for a Livingmodel-view-controllermvcsoftware architecturesoftware design. May 19, 2022. Crystal balls and clairvoyance: Future proofing in a world of ...",stackoverflow.blog
Machine Learning Engineer,https://micron.wd1.myworkdayjobs.com/en-US/External/job/Machine-Learning-Engineer_JR75152,"Mar 26, 2025 ... ... software architecture, and human-computer interaction. 10. Various ... NLP or equivalent deep learning application. As a world leader in the ...",micron.wd1.myworkdayjobs.com
Alumnus Gang Chen is making strides in AI and machine learning ...,https://wmich.edu/engineer/news/2024/11/gang-chen-making-strides-ai-machine-learning,"Nov 19, 2024 ... ... machine learning (ML). After gaining over 20 years of experience as a software design engineer and later a principal engineering manager at Microsoft, Chen ...",wmich.edu
Immersive Systems Design,https://www.salina.k-state.edu/academics/degree-options/immersive-design/,"Feb 20, 2025 ... ... software design and development, UX/UI design, narrative creation, machine learning and the psychological aspects of immersive technology. Curriculum.",www.salina.k-state.edu
"Senior Software Engineer, Generative AI, Applied AI — Google ...",https://careers.google.com/jobs/results/111130937651012294-senior-software-engineer/,"Feb 26, 2025 ... ... software design and architecture. Experience in Generative AI (e.g., Large Language Models, Multi-Modal, Large Vision Models). Experience with machine learning ...",careers.google.com
Software Architecture Services - KITRUM,https://kitrum.com/services/software-architecture1/,"5 days ago ... Thorough examination of your software design against industry best practices, security standards, and regulatory requirements. ... Generative AI/Machine Learning",kitrum.com
IntelliMind Design: Secure Software & Machine Learning Solutions ...,https://www.intellimind.pro/,"Nov 29, 2023 ... At IntelliMind Design, we specialize in merging native software design with advanced machine learning technologies, ensuring robust security.",www.intellimind.pro
Beyond Jupyter | TransferLab — appliedAI Institute,https://transferlab.ai/trainings/beyond-jupyter/,"Mar 14, 2024 ... Beyond Jupyter is a collection of self-study materials on software design, with a specific focus on machine learning applications, which demonstrates how ...",transferlab.ai
RISD AI Design Studio | Fall 2024,https://risd-ai-studio.notion.site/,"Sep 12, 2024 ... The software design education for our current moment must prioritize this above all else. ... generative AI models. Prior coding experience is not required ...",risd-ai-studio.notion.site
Towards Runtime Monitoring for Responsible Machine Learning ...,https://s3-ap-southeast-2.amazonaws.com/figshare-production-eu-deakin-storage4133-ap-southeast-2/coversheet/49575954/1/aroratowardsruntime2024.pdf?X-Amz-Algorithm=AWS4-HMAC-SHA256&X-Amz-Credential=AKIA3OGA3B5WOX2T3W6Z/20250417/ap-southeast-2/s3/aws4_request&X-Amz-Date=20250417T164003Z&X-Amz-Expires=86400&X-Amz-SignedHeaders=host&X-Amz-Signature=e66cef2b0f0fc7458f0132b1942bbaf893b5f4d0dbbf92d883f523ede35029a0,"Apr 17, 2025 ... Towards Runtime Monitoring for Responsible Machine Learning using Model-driven Engineering ... Towards software architecture runtime models for continuous ...",s3-ap-southeast-2.amazonaws.com
ROS Software Architecture for GPT/AGI Integration - ROS Projects ...,https://discourse.ros.org/t/ros-software-architecture-for-gpt-agi-integration/34920,"Dec 2, 2023 ... I'm no Generative AI expert, but I think it's a bit premature to say the software architecture designs in ROS are “radically challenged” by things like ChatGPT.",discourse.ros.org
